<?xml version="1.0" encoding="UTF-8"?>
<GenRun Id="impl_1" LaunchPart="xc7a15tfgg484-1" LaunchTime="1639398885">
  <File Type="ROUTE-PWR" Name="calculator_top_power_routed.rpt"/>
  <File Type="PA-TCL" Name="calculator_top.tcl"/>
  <File Type="BITSTR-BMM" Name="calculator_top_bd.bmm"/>
  <File Type="ROUTE-PWR-SUM" Name="calculator_top_power_summary_routed.pb"/>
  <File Type="REPORTS-TCL" Name="calculator_top_reports.tcl"/>
  <File Type="OPT-DCP" Name="calculator_top_opt.dcp"/>
  <File Type="OPT-DRC" Name="calculator_top_drc_opted.rpt"/>
  <File Type="OPT-HWDEF" Name="calculator_top.hwdef"/>
  <File Type="PWROPT-DCP" Name="calculator_top_pwropt.dcp"/>
  <File Type="PLACE-DCP" Name="calculator_top_placed.dcp"/>
  <File Type="PLACE-IO" Name="calculator_top_io_placed.rpt"/>
  <File Type="PLACE-UTIL" Name="calculator_top_utilization_placed.rpt"/>
  <File Type="PLACE-UTIL-PB" Name="calculator_top_utilization_placed.pb"/>
  <File Type="PLACE-CTRL" Name="calculator_top_control_sets_placed.rpt"/>
  <File Type="PLACE-PRE-SIMILARITY" Name="calculator_top_incremental_reuse_pre_placed.rpt"/>
  <File Type="BG-BGN" Name="calculator_top.bgn"/>
  <File Type="POSTPLACE-PWROPT-DCP" Name="calculator_top_postplace_pwropt.dcp"/>
  <File Type="BG-BIN" Name="calculator_top.bin"/>
  <File Type="PHYSOPT-DCP" Name="calculator_top_physopt.dcp"/>
  <File Type="BITSTR-MSK" Name="calculator_top.msk"/>
  <File Type="ROUTE-ERROR-DCP" Name="calculator_top_routed_error.dcp"/>
  <File Type="ROUTE-DCP" Name="calculator_top_routed.dcp"/>
  <File Type="ROUTE-BLACKBOX-DCP" Name="calculator_top_routed_bb.dcp"/>
  <File Type="ROUTE-DRC" Name="calculator_top_drc_routed.rpt"/>
  <File Type="ROUTE-DRC-PB" Name="calculator_top_drc_routed.pb"/>
  <File Type="ROUTE-DRC-RPX" Name="calculator_top_drc_routed.rpx"/>
  <File Type="BITSTR-LTX" Name="calculator_top.ltx"/>
  <File Type="ROUTE-METHODOLOGY-DRC" Name="calculator_top_methodology_drc_routed.rpt"/>
  <File Type="BITSTR-MMI" Name="calculator_top.mmi"/>
  <File Type="ROUTE-METHODOLOGY-DRC-RPX" Name="calculator_top_methodology_drc_routed.rpx"/>
  <File Type="ROUTE-METHODOLOGY-DRC-PB" Name="calculator_top_methodology_drc_routed.pb"/>
  <File Type="BITSTR-SYSDEF" Name="calculator_top.sysdef"/>
  <File Type="ROUTE-PWR-RPX" Name="calculator_top_power_routed.rpx"/>
  <File Type="ROUTE-STATUS" Name="calculator_top_route_status.rpt"/>
  <File Type="ROUTE-STATUS-PB" Name="calculator_top_route_status.pb"/>
  <File Type="ROUTE-TIMINGSUMMARY" Name="calculator_top_timing_summary_routed.rpt"/>
  <File Type="ROUTE-TIMING-PB" Name="calculator_top_timing_summary_routed.pb"/>
  <File Type="ROUTE-TIMING-RPX" Name="calculator_top_timing_summary_routed.rpx"/>
  <File Type="ROUTE-CLK" Name="calculator_top_clock_utilization_routed.rpt"/>
  <File Type="RDI-RDI" Name="calculator_top.vdi"/>
  <File Type="ROUTE-BUS-SKEW" Name="calculator_top_bus_skew_routed.rpt"/>
  <File Type="ROUTE-BUS-SKEW-PB" Name="calculator_top_bus_skew_routed.pb"/>
  <File Type="ROUTE-BUS-SKEW-RPX" Name="calculator_top_bus_skew_routed.rpx"/>
  <File Type="POSTROUTE-PHYSOPT-DCP" Name="calculator_top_postroute_physopt.dcp"/>
  <File Type="POSTROUTE-PHYSOPT-BLACKBOX-DCP" Name="calculator_top_postroute_physopt_bb.dcp"/>
  <File Type="BG-BIT" Name="calculator_top.bit"/>
  <File Type="BITSTR-RBT" Name="calculator_top.rbt"/>
  <File Type="BITSTR-NKY" Name="calculator_top.nky"/>
  <File Type="BG-DRC" Name="calculator_top.drc"/>
  <File Type="WBT-USG" Name="usage_statistics_webtalk.html"/>
  <FileSet Name="sources" Type="DesignSrcs" RelSrcDir="$PSRCDIR/sources_1">
    <Filter Type="Srcs"/>
    <File Path="$PSRCDIR/sources_1/new/calculator_display.v">
      <FileInfo>
        <Attr Name="UsedIn" Val="synthesis"/>
        <Attr Name="UsedIn" Val="implementation"/>
        <Attr Name="UsedIn" Val="simulation"/>
      </FileInfo>
    </File>
    <File Path="$PSRCDIR/sources_1/new/calculator_hex.v">
      <FileInfo>
        <Attr Name="UsedIn" Val="synthesis"/>
        <Attr Name="UsedIn" Val="implementation"/>
        <Attr Name="UsedIn" Val="simulation"/>
      </FileInfo>
    </File>
    <File Path="$PPRDIR/../calculator_top.v">
      <FileInfo>
        <Attr Name="UsedIn" Val="synthesis"/>
        <Attr Name="UsedIn" Val="implementation"/>
        <Attr Name="UsedIn" Val="simulation"/>
      </FileInfo>
    </File>
    <Config>
      <Option Name="DesignMode" Val="RTL"/>
      <Option Name="TopModule" Val="calculator_top"/>
      <Option Name="TopAutoSet" Val="TRUE"/>
    </Config>
  </FileSet>
  <FileSet Name="constrs_in" Type="Constrs" RelSrcDir="$PSRCDIR/constrs_1">
    <Filter Type="Constrs"/>
    <File Path="$PSRCDIR/constrs_1/new/calculator.xdc">
      <FileInfo>
        <Attr Name="UsedIn" Val="synthesis"/>
        <Attr Name="UsedIn" Val="implementation"/>
      </FileInfo>
    </File>
    <Config>
      <Option Name="ConstrsType" Val="XDC"/>
    </Config>
  </FileSet>
  <FileSet Name="utils" Type="Utils" RelSrcDir="$PSRCDIR/utils_1">
    <Filter Type="Utils"/>
    <Config>
      <Option Name="TopAutoSet" Val="TRUE"/>
    </Config>
  </FileSet>
  <Strategy Version="1" Minor="2">
    <StratHandle Name="Vivado Implementation Defaults" Flow="Vivado Implementation 2018"/>
    <Step Id="init_design"/>
    <Step Id="opt_design"/>
    <Step Id="power_opt_design"/>
    <Step Id="place_design"/>
    <Step Id="post_place_power_opt_design"/>
    <Step Id="phys_opt_design"/>
    <Step Id="route_design"/>
    <Step Id="post_route_phys_opt_design"/>
    <Step Id="write_bitstream"/>
  </Strategy>
  <BlockFileSet Type="BlockSrcs" Name="clk_div"/>
</GenRun>
