<?xml version="1.0" encoding="UTF-8"?>
<GenRun Id="synth_1" LaunchPart="xc7a100tfgg484-1" LaunchTime="1638781602">
  <File Type="PA-TCL" Name="sequence_detection.tcl"/>
  <File Type="RDS-PROPCONSTRS" Name="sequence_detection_drc_synth.rpt"/>
  <File Type="REPORTS-TCL" Name="sequence_detection_reports.tcl"/>
  <File Type="RDS-RDS" Name="sequence_detection.vds"/>
  <File Type="RDS-UTIL" Name="sequence_detection_utilization_synth.rpt"/>
  <File Type="RDS-UTIL-PB" Name="sequence_detection_utilization_synth.pb"/>
  <File Type="RDS-DCP" Name="sequence_detection.dcp"/>
  <File Type="VDS-TIMINGSUMMARY" Name="sequence_detection_timing_summary_synth.rpt"/>
  <File Type="VDS-TIMING-PB" Name="sequence_detection_timing_summary_synth.pb"/>
  <FileSet Name="sources" Type="DesignSrcs" RelSrcDir="$PSRCDIR/sources_1">
    <Filter Type="Srcs"/>
    <File Path="$PPRDIR/../../实验5 序列检测器设计/sequence_detection.v">
      <FileInfo>
        <Attr Name="UsedIn" Val="synthesis"/>
        <Attr Name="UsedIn" Val="implementation"/>
        <Attr Name="UsedIn" Val="simulation"/>
      </FileInfo>
    </File>
    <Config>
      <Option Name="DesignMode" Val="RTL"/>
      <Option Name="TopModule" Val="sequence_detection"/>
      <Option Name="TopAutoSet" Val="TRUE"/>
    </Config>
  </FileSet>
  <FileSet Name="constrs_in" Type="Constrs" RelSrcDir="$PSRCDIR/constrs_1">
    <Filter Type="Constrs"/>
    <File Path="$PSRCDIR/constrs_1/new/clk.xdc">
      <FileInfo>
        <Attr Name="UsedIn" Val="synthesis"/>
        <Attr Name="UsedIn" Val="implementation"/>
      </FileInfo>
    </File>
    <Config>
      <Option Name="ConstrsType" Val="XDC"/>
    </Config>
  </FileSet>
  <FileSet Name="utils" Type="Utils" RelSrcDir="$PSRCDIR/utils_1">
    <Filter Type="Utils"/>
    <Config>
      <Option Name="TopAutoSet" Val="TRUE"/>
    </Config>
  </FileSet>
  <Strategy Version="1" Minor="2">
    <StratHandle Name="Vivado Synthesis Defaults" Flow="Vivado Synthesis 2018"/>
    <Step Id="synth_design"/>
  </Strategy>
</GenRun>
