<?xml version="1.0" encoding="UTF-8"?>
<GenRun Id="impl_1" LaunchPart="xc7a100tfgg484-1" LaunchTime="1638781602">
  <File Type="BITSTR-BMM" Name="sequence_detection_bd.bmm"/>
  <File Type="OPT-METHODOLOGY-DRC" Name="sequence_detection_methodology_drc_opted.rpt"/>
  <File Type="INIT-TIMING" Name="sequence_detection_timing_summary_init.rpt"/>
  <File Type="ROUTE-PWR" Name="sequence_detection_power_routed.rpt"/>
  <File Type="PA-TCL" Name="sequence_detection.tcl"/>
  <File Type="OPT-TIMING" Name="sequence_detection_timing_summary_opted.rpt"/>
  <File Type="OPT-DCP" Name="sequence_detection_opt.dcp"/>
  <File Type="ROUTE-PWR-SUM" Name="sequence_detection_power_summary_routed.pb"/>
  <File Type="REPORTS-TCL" Name="sequence_detection_reports.tcl"/>
  <File Type="OPT-DRC" Name="sequence_detection_drc_opted.rpt"/>
  <File Type="OPT-HWDEF" Name="sequence_detection.hwdef"/>
  <File Type="PWROPT-DCP" Name="sequence_detection_pwropt.dcp"/>
  <File Type="PWROPT-DRC" Name="sequence_detection_drc_pwropted.rpt"/>
  <File Type="PWROPT-TIMING" Name="sequence_detection_timing_summary_pwropted.rpt"/>
  <File Type="PLACE-DCP" Name="sequence_detection_placed.dcp"/>
  <File Type="PLACE-IO" Name="sequence_detection_io_placed.rpt"/>
  <File Type="PLACE-CLK" Name="sequence_detection_clock_utilization_placed.rpt"/>
  <File Type="PLACE-UTIL" Name="sequence_detection_utilization_placed.rpt"/>
  <File Type="PLACE-UTIL-PB" Name="sequence_detection_utilization_placed.pb"/>
  <File Type="PLACE-CTRL" Name="sequence_detection_control_sets_placed.rpt"/>
  <File Type="PLACE-SIMILARITY" Name="sequence_detection_incremental_reuse_placed.rpt"/>
  <File Type="PLACE-PRE-SIMILARITY" Name="sequence_detection_incremental_reuse_pre_placed.rpt"/>
  <File Type="BG-BGN" Name="sequence_detection.bgn"/>
  <File Type="PLACE-TIMING" Name="sequence_detection_timing_summary_placed.rpt"/>
  <File Type="POSTPLACE-PWROPT-DCP" Name="sequence_detection_postplace_pwropt.dcp"/>
  <File Type="BG-BIN" Name="sequence_detection.bin"/>
  <File Type="POSTPLACE-PWROPT-TIMING" Name="sequence_detection_timing_summary_postplace_pwropted.rpt"/>
  <File Type="PHYSOPT-DCP" Name="sequence_detection_physopt.dcp"/>
  <File Type="PHYSOPT-DRC" Name="sequence_detection_drc_physopted.rpt"/>
  <File Type="BITSTR-MSK" Name="sequence_detection.msk"/>
  <File Type="PHYSOPT-TIMING" Name="sequence_detection_timing_summary_physopted.rpt"/>
  <File Type="ROUTE-ERROR-DCP" Name="sequence_detection_routed_error.dcp"/>
  <File Type="ROUTE-DCP" Name="sequence_detection_routed.dcp"/>
  <File Type="ROUTE-BLACKBOX-DCP" Name="sequence_detection_routed_bb.dcp"/>
  <File Type="ROUTE-DRC" Name="sequence_detection_drc_routed.rpt"/>
  <File Type="ROUTE-DRC-PB" Name="sequence_detection_drc_routed.pb"/>
  <File Type="BITSTR-LTX" Name="debug_nets.ltx"/>
  <File Type="BITSTR-LTX" Name="sequence_detection.ltx"/>
  <File Type="ROUTE-DRC-RPX" Name="sequence_detection_drc_routed.rpx"/>
  <File Type="BITSTR-MMI" Name="sequence_detection.mmi"/>
  <File Type="ROUTE-METHODOLOGY-DRC" Name="sequence_detection_methodology_drc_routed.rpt"/>
  <File Type="ROUTE-METHODOLOGY-DRC-RPX" Name="sequence_detection_methodology_drc_routed.rpx"/>
  <File Type="BITSTR-SYSDEF" Name="sequence_detection.sysdef"/>
  <File Type="ROUTE-METHODOLOGY-DRC-PB" Name="sequence_detection_methodology_drc_routed.pb"/>
  <File Type="ROUTE-PWR-RPX" Name="sequence_detection_power_routed.rpx"/>
  <File Type="ROUTE-STATUS" Name="sequence_detection_route_status.rpt"/>
  <File Type="ROUTE-STATUS-PB" Name="sequence_detection_route_status.pb"/>
  <File Type="ROUTE-TIMINGSUMMARY" Name="sequence_detection_timing_summary_routed.rpt"/>
  <File Type="ROUTE-TIMING-PB" Name="sequence_detection_timing_summary_routed.pb"/>
  <File Type="ROUTE-TIMING-RPX" Name="sequence_detection_timing_summary_routed.rpx"/>
  <File Type="ROUTE-SIMILARITY" Name="sequence_detection_incremental_reuse_routed.rpt"/>
  <File Type="ROUTE-CLK" Name="sequence_detection_clock_utilization_routed.rpt"/>
  <File Type="ROUTE-BUS-SKEW" Name="sequence_detection_bus_skew_routed.rpt"/>
  <File Type="ROUTE-BUS-SKEW-PB" Name="sequence_detection_bus_skew_routed.pb"/>
  <File Type="ROUTE-BUS-SKEW-RPX" Name="sequence_detection_bus_skew_routed.rpx"/>
  <File Type="POSTROUTE-PHYSOPT-DCP" Name="sequence_detection_postroute_physopt.dcp"/>
  <File Type="POSTROUTE-PHYSOPT-BLACKBOX-DCP" Name="sequence_detection_postroute_physopt_bb.dcp"/>
  <File Type="POSTROUTE-PHYSOPT-TIMING" Name="sequence_detection_timing_summary_postroute_physopted.rpt"/>
  <File Type="POSTROUTE-PHYSOPT-TIMING-PB" Name="sequence_detection_timing_summary_postroute_physopted.pb"/>
  <File Type="POSTROUTE-PHYSOPT-TIMING-RPX" Name="sequence_detection_timing_summary_postroute_physopted.rpx"/>
  <File Type="POSTROUTE-PHYSOPT-BUS-SKEW" Name="sequence_detection_bus_skew_postroute_physopted.rpt"/>
  <File Type="POSTROUTE-PHYSOPT-BUS-SKEW-PB" Name="sequence_detection_bus_skew_postroute_physopted.pb"/>
  <File Type="BG-BIT" Name="sequence_detection.bit"/>
  <File Type="POSTROUTE-PHYSOPT-BUS-SKEW-RPX" Name="sequence_detection_bus_skew_postroute_physopted.rpx"/>
  <File Type="BITSTR-RBT" Name="sequence_detection.rbt"/>
  <File Type="BITSTR-NKY" Name="sequence_detection.nky"/>
  <File Type="BG-DRC" Name="sequence_detection.drc"/>
  <File Type="RDI-RDI" Name="sequence_detection.vdi"/>
  <File Type="WBT-USG" Name="usage_statistics_webtalk.html"/>
  <FileSet Name="sources" Type="DesignSrcs" RelSrcDir="$PSRCDIR/sources_1">
    <Filter Type="Srcs"/>
    <File Path="$PPRDIR/../../实验5 序列检测器设计/sequence_detection.v">
      <FileInfo>
        <Attr Name="UsedIn" Val="synthesis"/>
        <Attr Name="UsedIn" Val="implementation"/>
        <Attr Name="UsedIn" Val="simulation"/>
      </FileInfo>
    </File>
    <Config>
      <Option Name="DesignMode" Val="RTL"/>
      <Option Name="TopModule" Val="sequence_detection"/>
      <Option Name="TopAutoSet" Val="TRUE"/>
    </Config>
  </FileSet>
  <FileSet Name="constrs_in" Type="Constrs" RelSrcDir="$PSRCDIR/constrs_1">
    <Filter Type="Constrs"/>
    <File Path="$PSRCDIR/constrs_1/new/clk.xdc">
      <FileInfo>
        <Attr Name="UsedIn" Val="synthesis"/>
        <Attr Name="UsedIn" Val="implementation"/>
      </FileInfo>
    </File>
    <Config>
      <Option Name="ConstrsType" Val="XDC"/>
    </Config>
  </FileSet>
  <FileSet Name="utils" Type="Utils" RelSrcDir="$PSRCDIR/utils_1">
    <Filter Type="Utils"/>
    <Config>
      <Option Name="TopAutoSet" Val="TRUE"/>
    </Config>
  </FileSet>
  <Strategy Version="1" Minor="2">
    <StratHandle Name="Vivado Implementation Defaults" Flow="Vivado Implementation 2018"/>
    <Step Id="init_design"/>
    <Step Id="opt_design"/>
    <Step Id="power_opt_design"/>
    <Step Id="place_design"/>
    <Step Id="post_place_power_opt_design"/>
    <Step Id="phys_opt_design"/>
    <Step Id="route_design"/>
    <Step Id="post_route_phys_opt_design"/>
    <Step Id="write_bitstream"/>
  </Strategy>
</GenRun>
